{"type": "agreement", "name": "relational", "values": {"agreement": "float", "world": "world", "world_model": "model", "caption": "language", "caption_length": "int", "caption_pn": "pn", "caption_pn_length": "int", "caption_rpn": "pn", "caption_rpn_length": "int", "caption_model": "model"}, "world_size": 100, "vectors": {"caption": 40, "caption_pn": 14, "caption_rpn": 14}, "vocabularies": {"language": {".": 1, "?": 2, "a": 3, "above": 4, "an": 5, "and": 6, "are": 7, "as": 8, "behind": 9, "below": 10, "besides": 11, "bigger": 12, "blue": 13, "circle": 14, "closer": 15, "color": 16, "cross": 17, "cyan": 18, "darker": 19, "different": 20, "does": 21, "ellipse": 22, "exist": 23, "exists": 24, "farther": 25, "first": 26, "from": 27, "front": 28, "gray": 29, "green": 30, "in": 31, "is": 32, "left": 33, "lighter": 34, "magenta": 35, "not": 36, "of": 37, "pentagon": 38, "rectangle": 39, "red": 40, "relation": 41, "relationship": 42, "right": 43, "same": 44, "second": 45, "semicircle": 46, "shape": 47, "shapes": 48, "smaller": 49, "spatial": 50, "square": 51, "than": 52, "the": 53, "there": 54, "to": 55, "triangle": 56, "two": 57, "what": 58, "yellow": 59, "": 0, "[UNKNOWN]": 60}, "pn": {"Attribute-color-blue": 1, "Attribute-color-cyan": 2, "Attribute-color-gray": 3, "Attribute-color-green": 4, "Attribute-color-magenta": 5, "Attribute-color-red": 6, "Attribute-color-yellow": 7, "Attribute-shape-circle": 8, "Attribute-shape-cross": 9, "Attribute-shape-ellipse": 10, "Attribute-shape-pentagon": 11, "Attribute-shape-rectangle": 12, "Attribute-shape-semicircle": 13, "Attribute-shape-square": 14, "Attribute-shape-triangle": 15, "EntityType0": 16, "EntityType1": 17, "EntityType2": 18, "EntityType3": 19, "Existential": 20, "Relation-x-rel--1": 21, "Relation-x-rel-1": 22, "Relation-y-rel--1": 23, "Relation-y-rel-1": 24, "Selector-unique": 25, "": 0, "[UNKNOWN]": 26}}, "worlds_per_instance": 1, "captions_per_instance": 1, "pn_arity": {"EntityType0": 0, "EntityType1": 1, "EntityType2": 2, "EntityType3": 3, "Attribute-shape-square": 0, "Attribute-shape-rectangle": 0, "Attribute-shape-triangle": 0, "Attribute-shape-pentagon": 0, "Attribute-shape-cross": 0, "Attribute-shape-circle": 0, "Attribute-shape-semicircle": 0, "Attribute-shape-ellipse": 0, "Attribute-color-red": 0, "Attribute-color-green": 0, "Attribute-color-blue": 0, "Attribute-color-yellow": 0, "Attribute-color-magenta": 0, "Attribute-color-cyan": 0, "Attribute-color-gray": 0, "Selector-unique": 1, "Relation-x-rel--1": 1, "Relation-x-rel-1": 1, "Relation-y-rel--1": 1, "Relation-y-rel-1": 1, "Existential": 2, "": 1, "[UNKNOWN]": 1}, "generated": true, "directory": "examples/agreement/relational-spatial_twoshapes", "include_model": true, "image_format": "png", "relative_directory": "agreement/relational"}